run_dir,run_label,model,split_mode,max_prompts,max_new_tokens,kl_risk_threshold,uckv_risk_tolerance,policy,split,prompts,steps,avg_kl,p95_kl,max_kl,top1_mismatch_rate,avg_retained_ratio,avg_kept_tokens,avg_full_tokens,avg_replay_s_per_step,risk_positive_rate,risk_brier,risk_ece_10,risk_roc_auc,uckv_fallback_steps,uckv_min_safe_steps
outputs/experiments/20260709_073237_333891_final_smollm2_chat_retrieval144_seed29_thr01_tol05_w384_HuggingFaceTB__SmolLM2-135M-Instruct,final_smollm2_chat_retrieval144_seed29_thr01_tol05_w384,HuggingFaceTB/SmolLM2-135M-Instruct,alternating,144,24,0.01,0.5,full,calibration,72,1728,0.0,0.0,0.0,0.0,1.0,286.40277777777777,286.40277777777777,0.1281242488662765,0.2312334656084656,0.1860655539432084,0.1813197167068934,0.8121357577325314,,
outputs/experiments/20260709_073237_333891_final_smollm2_chat_retrieval144_seed29_thr01_tol05_w384_HuggingFaceTB__SmolLM2-135M-Instruct,final_smollm2_chat_retrieval144_seed29_thr01_tol05_w384,HuggingFaceTB/SmolLM2-135M-Instruct,alternating,144,24,0.01,0.5,sink4_window_128,calibration,72,1728,0.3403959897126057,2.988451361656188,9.13864803314209,0.0769675925925925,0.5078501919135052,132.0,286.40277777777777,0.1311274624068674,0.2312334656084656,0.1860655539432084,0.1813197167068934,0.8121357577325314,,
outputs/experiments/20260709_073237_333891_final_smollm2_chat_retrieval144_seed29_thr01_tol05_w384_HuggingFaceTB__SmolLM2-135M-Instruct,final_smollm2_chat_retrieval144_seed29_thr01_tol05_w384,HuggingFaceTB/SmolLM2-135M-Instruct,alternating,144,24,0.01,0.5,sink4_window_192,calibration,72,1728,0.1562340990308145,0.3334492251276916,8.252137184143066,0.0364583333333333,0.7217677223333218,190.47222222222223,286.40277777777777,0.1316122853247213,0.2312334656084656,0.1860655539432084,0.1813197167068934,0.8121357577325314,,
outputs/experiments/20260709_073237_333891_final_smollm2_chat_retrieval144_seed29_thr01_tol05_w384_HuggingFaceTB__SmolLM2-135M-Instruct,final_smollm2_chat_retrieval144_seed29_thr01_tol05_w384,HuggingFaceTB/SmolLM2-135M-Instruct,alternating,144,24,0.01,0.5,sink4_window_256,calibration,72,1728,0.1309333098423251,0.0856548782438037,8.059635162353516,0.0295138888888888,0.8633567818102599,235.44444444444449,286.40277777777777,0.1298408631846204,0.2312334656084656,0.1860655539432084,0.1813197167068934,0.8121357577325314,,
outputs/experiments/20260709_073237_333891_final_smollm2_chat_retrieval144_seed29_thr01_tol05_w384_HuggingFaceTB__SmolLM2-135M-Instruct,final_smollm2_chat_retrieval144_seed29_thr01_tol05_w384,HuggingFaceTB/SmolLM2-135M-Instruct,alternating,144,24,0.01,0.5,sink4_window_32,calibration,72,1728,0.7467820864629694,4.247460222244262,8.032949447631836,0.1608796296296296,0.1385045977945923,36.0,286.40277777777777,0.1314619656371144,0.2312334656084656,0.1860655539432084,0.1813197167068934,0.8121357577325314,,
outputs/experiments/20260709_073237_333891_final_smollm2_chat_retrieval144_seed29_thr01_tol05_w384_HuggingFaceTB__SmolLM2-135M-Instruct,final_smollm2_chat_retrieval144_seed29_thr01_tol05_w384,HuggingFaceTB/SmolLM2-135M-Instruct,alternating,144,24,0.01,0.5,sink4_window_320,calibration,72,1728,0.0629221012336234,0.01934966892004,7.1046528816223145,0.0144675925925925,0.9499929635773045,266.5532407407408,286.40277777777777,0.1300120911451914,0.2312334656084656,0.1860655539432084,0.1813197167068934,0.8121357577325314,,
outputs/experiments/20260709_073237_333891_final_smollm2_chat_retrieval144_seed29_thr01_tol05_w384_HuggingFaceTB__SmolLM2-135M-Instruct,final_smollm2_chat_retrieval144_seed29_thr01_tol05_w384,HuggingFaceTB/SmolLM2-135M-Instruct,alternating,144,24,0.01,0.5,sink4_window_384,calibration,72,1728,0.000875072667615,0.0002399957978923,0.141376331448555,0.0,0.9926025180932776,283.4068287037037,286.40277777777777,0.1264694914379847,0.2312334656084656,0.1860655539432084,0.1813197167068934,0.8121357577325314,,
outputs/experiments/20260709_073237_333891_final_smollm2_chat_retrieval144_seed29_thr01_tol05_w384_HuggingFaceTB__SmolLM2-135M-Instruct,final_smollm2_chat_retrieval144_seed29_thr01_tol05_w384,HuggingFaceTB/SmolLM2-135M-Instruct,alternating,144,24,0.01,0.5,sink4_window_64,calibration,72,1728,0.5303931612949443,3.531062602996821,9.330739974975586,0.1192129629629629,0.2616197958342299,68.0,286.40277777777777,0.130343819253489,0.2312334656084656,0.1860655539432084,0.1813197167068934,0.8121357577325314,,
outputs/experiments/20260709_073237_333891_final_smollm2_chat_retrieval144_seed29_thr01_tol05_w384_HuggingFaceTB__SmolLM2-135M-Instruct,final_smollm2_chat_retrieval144_seed29_thr01_tol05_w384,HuggingFaceTB/SmolLM2-135M-Instruct,alternating,144,24,0.01,0.5,uckv_budget,calibration,72,1728,0.1928559798457839,1.2900340855121486,8.941717147827148,0.0480324074074074,0.6725891792205757,189.953125,286.40277777777777,0.1241043440896747,0.2312334656084656,0.1860655539432084,0.1813197167068934,0.8121357577325314,12.0,1716.0
outputs/experiments/20260709_073237_333891_final_smollm2_chat_retrieval144_seed29_thr01_tol05_w384_HuggingFaceTB__SmolLM2-135M-Instruct,final_smollm2_chat_retrieval144_seed29_thr01_tol05_w384,HuggingFaceTB/SmolLM2-135M-Instruct,alternating,144,24,0.01,0.5,uckv_entropy_adaptive,calibration,72,1728,1.9288804187169253,7.528501439094538,13.48934268951416,0.3663194444444444,0.0635709753329951,16.375578703703702,286.40277777777777,0.128062725983303,0.2312334656084656,0.1860655539432084,0.1813197167068934,0.8121357577325314,,
outputs/experiments/20260709_073237_333891_final_smollm2_chat_retrieval144_seed29_thr01_tol05_w384_HuggingFaceTB__SmolLM2-135M-Instruct,final_smollm2_chat_retrieval144_seed29_thr01_tol05_w384,HuggingFaceTB/SmolLM2-135M-Instruct,alternating,144,24,0.01,0.5,window_16,calibration,72,1728,6.9996704642005705,20.521971321105948,32.041133880615234,0.8177083333333334,0.0615575990198188,16.0,286.40277777777777,0.1331023621498759,0.2312334656084656,0.1860655539432084,0.1813197167068934,0.8121357577325314,,
outputs/experiments/20260709_073237_333891_final_smollm2_chat_retrieval144_seed29_thr01_tol05_w384_HuggingFaceTB__SmolLM2-135M-Instruct,final_smollm2_chat_retrieval144_seed29_thr01_tol05_w384,HuggingFaceTB/SmolLM2-135M-Instruct,alternating,144,24,0.01,0.5,full,evaluation,72,1728,0.0,0.0,0.0,0.0,1.0,287.59722222222223,287.59722222222223,0.1285711919149434,0.2307374338624338,0.2040163343706618,0.2042663322299264,0.795367970010306,,
outputs/experiments/20260709_073237_333891_final_smollm2_chat_retrieval144_seed29_thr01_tol05_w384_HuggingFaceTB__SmolLM2-135M-Instruct,final_smollm2_chat_retrieval144_seed29_thr01_tol05_w384,HuggingFaceTB/SmolLM2-135M-Instruct,alternating,144,24,0.01,0.5,sink4_window_128,evaluation,72,1728,0.3748174980527005,3.062589526176452,11.71992015838623,0.1006944444444444,0.5063641939273721,132.0,287.59722222222223,0.1323157091741854,0.2307374338624338,0.2040163343706618,0.2042663322299264,0.795367970010306,,
outputs/experiments/20260709_073237_333891_final_smollm2_chat_retrieval144_seed29_thr01_tol05_w384_HuggingFaceTB__SmolLM2-135M-Instruct,final_smollm2_chat_retrieval144_seed29_thr01_tol05_w384,HuggingFaceTB/SmolLM2-135M-Instruct,alternating,144,24,0.01,0.5,sink4_window_192,evaluation,72,1728,0.2055625241853695,1.4905457794666168,7.755597114562988,0.058449074074074,0.7188848343149373,190.36111111111111,287.59722222222223,0.1316112329994346,0.2307374338624338,0.2040163343706618,0.2042663322299264,0.795367970010306,,
outputs/experiments/20260709_073237_333891_final_smollm2_chat_retrieval144_seed29_thr01_tol05_w384_HuggingFaceTB__SmolLM2-135M-Instruct,final_smollm2_chat_retrieval144_seed29_thr01_tol05_w384,HuggingFaceTB/SmolLM2-135M-Instruct,alternating,144,24,0.01,0.5,sink4_window_256,evaluation,72,1728,0.1299609921331308,0.1117471560835836,7.127792835235596,0.0364583333333333,0.8622101324455976,235.9641203703704,287.59722222222223,0.1293805850921132,0.2307374338624338,0.2040163343706618,0.2042663322299264,0.795367970010306,,
outputs/experiments/20260709_073237_333891_final_smollm2_chat_retrieval144_seed29_thr01_tol05_w384_HuggingFaceTB__SmolLM2-135M-Instruct,final_smollm2_chat_retrieval144_seed29_thr01_tol05_w384,HuggingFaceTB/SmolLM2-135M-Instruct,alternating,144,24,0.01,0.5,sink4_window_32,evaluation,72,1728,0.7236606213517439,4.442391061782836,11.579944610595703,0.1672453703703703,0.138099325616556,36.0,287.59722222222223,0.1310805606921416,0.2307374338624338,0.2040163343706618,0.2042663322299264,0.795367970010306,,
outputs/experiments/20260709_073237_333891_final_smollm2_chat_retrieval144_seed29_thr01_tol05_w384_HuggingFaceTB__SmolLM2-135M-Instruct,final_smollm2_chat_retrieval144_seed29_thr01_tol05_w384,HuggingFaceTB/SmolLM2-135M-Instruct,alternating,144,24,0.01,0.5,sink4_window_320,evaluation,72,1728,0.0646875179270304,0.0191687964834272,7.027772903442383,0.015625,0.9488532112549276,267.13715277777777,287.59722222222223,0.1277778140422217,0.2307374338624338,0.2040163343706618,0.2042663322299264,0.795367970010306,,
outputs/experiments/20260709_073237_333891_final_smollm2_chat_retrieval144_seed29_thr01_tol05_w384_HuggingFaceTB__SmolLM2-135M-Instruct,final_smollm2_chat_retrieval144_seed29_thr01_tol05_w384,HuggingFaceTB/SmolLM2-135M-Instruct,alternating,144,24,0.01,0.5,sink4_window_384,evaluation,72,1728,0.0006348741361405,0.0007948988059069,0.0909415930509567,0.0,0.990991131382651,283.92534722222223,287.59722222222223,0.1268050402441581,0.2307374338624338,0.2040163343706618,0.2042663322299264,0.795367970010306,,
outputs/experiments/20260709_073237_333891_final_smollm2_chat_retrieval144_seed29_thr01_tol05_w384_HuggingFaceTB__SmolLM2-135M-Instruct,final_smollm2_chat_retrieval144_seed29_thr01_tol05_w384,HuggingFaceTB/SmolLM2-135M-Instruct,alternating,144,24,0.01,0.5,sink4_window_64,evaluation,72,1728,0.5674993388360957,3.8809163212776143,11.707045555114746,0.1383101851851851,0.2608542817201613,68.0,287.59722222222223,0.1314552992123565,0.2307374338624338,0.2040163343706618,0.2042663322299264,0.795367970010306,,
outputs/experiments/20260709_073237_333891_final_smollm2_chat_retrieval144_seed29_thr01_tol05_w384_HuggingFaceTB__SmolLM2-135M-Instruct,final_smollm2_chat_retrieval144_seed29_thr01_tol05_w384,HuggingFaceTB/SmolLM2-135M-Instruct,alternating,144,24,0.01,0.5,uckv_budget,evaluation,72,1728,0.204961452951067,1.4186335861682535,8.348984718322754,0.0607638888888888,0.6737000732341684,190.87673611111111,287.59722222222223,0.1248217146995826,0.2307374338624338,0.2040163343706618,0.2042663322299264,0.795367970010306,20.0,1708.0
outputs/experiments/20260709_073237_333891_final_smollm2_chat_retrieval144_seed29_thr01_tol05_w384_HuggingFaceTB__SmolLM2-135M-Instruct,final_smollm2_chat_retrieval144_seed29_thr01_tol05_w384,HuggingFaceTB/SmolLM2-135M-Instruct,alternating,144,24,0.01,0.5,uckv_entropy_adaptive,evaluation,72,1728,1.8000167859725398,8.1612799167633,17.043075561523438,0.333912037037037,0.0652523544269454,16.89236111111111,287.59722222222223,0.1290963228443784,0.2307374338624338,0.2040163343706618,0.2042663322299264,0.795367970010306,,
outputs/experiments/20260709_073237_333891_final_smollm2_chat_retrieval144_seed29_thr01_tol05_w384_HuggingFaceTB__SmolLM2-135M-Instruct,final_smollm2_chat_retrieval144_seed29_thr01_tol05_w384,HuggingFaceTB/SmolLM2-135M-Instruct,alternating,144,24,0.01,0.5,window_16,evaluation,72,1728,6.397395483783856,19.347854232788084,28.87459754943848,0.7748842592592593,0.0613774780518026,16.0,287.59722222222223,0.1333542621302041,0.2307374338624338,0.2040163343706618,0.2042663322299264,0.795367970010306,,
outputs/experiments/20260709_133848_943893_final_smollm2_chat_retrieval96_seed31_confirm_thr01_besttol_w384_HuggingFaceTB__SmolLM2-135M-Instruct,final_smollm2_chat_retrieval96_seed31_confirm_thr01_besttol_w384,HuggingFaceTB/SmolLM2-135M-Instruct,alternating,96,24,0.01,0.36,full,calibration,48,1152,0.0,0.0,0.0,0.0,1.0,285.2916666666667,285.2916666666667,0.13210000697624,0.2312748015873016,0.1863490725479656,0.1813363119270386,0.8108582764581506,,
outputs/experiments/20260709_133848_943893_final_smollm2_chat_retrieval96_seed31_confirm_thr01_besttol_w384_HuggingFaceTB__SmolLM2-135M-Instruct,final_smollm2_chat_retrieval96_seed31_confirm_thr01_besttol_w384,HuggingFaceTB/SmolLM2-135M-Instruct,alternating,96,24,0.01,0.36,sink4_window_128,calibration,48,1152,0.3197259416012394,2.8412632942199707,8.547065734863281,0.0763888888888889,0.5091254303925825,132.0,285.2916666666667,0.1392729085624624,0.2312748015873016,0.1863490725479656,0.1813363119270386,0.8108582764581506,,
outputs/experiments/20260709_133848_943893_final_smollm2_chat_retrieval96_seed31_confirm_thr01_besttol_w384_HuggingFaceTB__SmolLM2-135M-Instruct,final_smollm2_chat_retrieval96_seed31_confirm_thr01_besttol_w384,HuggingFaceTB/SmolLM2-135M-Instruct,alternating,96,24,0.01,0.36,sink4_window_192,calibration,48,1152,0.1425080655974196,0.1459721431136133,7.132619857788086,0.0329861111111111,0.7236578691123279,190.47916666666663,285.2916666666667,0.1358967348090926,0.2312748015873016,0.1863490725479656,0.1813363119270386,0.8108582764581506,,
outputs/experiments/20260709_133848_943893_final_smollm2_chat_retrieval96_seed31_confirm_thr01_besttol_w384_HuggingFaceTB__SmolLM2-135M-Instruct,final_smollm2_chat_retrieval96_seed31_confirm_thr01_besttol_w384,HuggingFaceTB/SmolLM2-135M-Instruct,alternating,96,24,0.01,0.36,sink4_window_256,calibration,48,1152,0.1342459390427061,0.0892781987786293,7.442490577697754,0.0303819444444444,0.8643769350834035,235.10503472222223,285.2916666666667,0.1348994210788482,0.2312748015873016,0.1863490725479656,0.1813363119270386,0.8108582764581506,,
outputs/experiments/20260709_133848_943893_final_smollm2_chat_retrieval96_seed31_confirm_thr01_besttol_w384_HuggingFaceTB__SmolLM2-135M-Instruct,final_smollm2_chat_retrieval96_seed31_confirm_thr01_besttol_w384,HuggingFaceTB/SmolLM2-135M-Instruct,alternating,96,24,0.01,0.36,sink4_window_32,calibration,48,1152,0.7215703462138569,3.9531781077384975,8.113006591796875,0.1493055555555555,0.1388523901070679,36.0,285.2916666666667,0.1360336751301171,0.2312748015873016,0.1863490725479656,0.1813363119270386,0.8108582764581506,,
outputs/experiments/20260709_133848_943893_final_smollm2_chat_retrieval96_seed31_confirm_thr01_besttol_w384_HuggingFaceTB__SmolLM2-135M-Instruct,final_smollm2_chat_retrieval96_seed31_confirm_thr01_besttol_w384,HuggingFaceTB/SmolLM2-135M-Instruct,alternating,96,24,0.01,0.36,sink4_window_320,calibration,48,1152,0.0657838351764585,0.0248529229313135,7.356168270111084,0.0147569444444444,0.9519057797374956,266.4140625,285.2916666666667,0.1351275161700869,0.2312748015873016,0.1863490725479656,0.1813363119270386,0.8108582764581506,,
outputs/experiments/20260709_133848_943893_final_smollm2_chat_retrieval96_seed31_confirm_thr01_besttol_w384_HuggingFaceTB__SmolLM2-135M-Instruct,final_smollm2_chat_retrieval96_seed31_confirm_thr01_besttol_w384,HuggingFaceTB/SmolLM2-135M-Instruct,alternating,96,24,0.01,0.36,sink4_window_384,calibration,48,1152,0.0002890434819478,7.6396344229579e-05,0.0891232937574386,0.0,0.9947641659088894,283.17621527777777,285.2916666666667,0.1341132880859529,0.2312748015873016,0.1863490725479656,0.1813363119270386,0.8108582764581506,,
outputs/experiments/20260709_133848_943893_final_smollm2_chat_retrieval96_seed31_confirm_thr01_besttol_w384_HuggingFaceTB__SmolLM2-135M-Instruct,final_smollm2_chat_retrieval96_seed31_confirm_thr01_besttol_w384,HuggingFaceTB/SmolLM2-135M-Instruct,alternating,96,24,0.01,0.36,sink4_window_64,calibration,48,1152,0.5070786094502373,3.4887866139411927,8.319538116455078,0.1137152777777777,0.2622767368689061,68.0,285.2916666666667,0.1375951184532419,0.2312748015873016,0.1863490725479656,0.1813363119270386,0.8108582764581506,,
outputs/experiments/20260709_133848_943893_final_smollm2_chat_retrieval96_seed31_confirm_thr01_besttol_w384_HuggingFaceTB__SmolLM2-135M-Instruct,final_smollm2_chat_retrieval96_seed31_confirm_thr01_besttol_w384,HuggingFaceTB/SmolLM2-135M-Instruct,alternating,96,24,0.01,0.36,uckv_budget,calibration,48,1152,0.0020177532165461,0.0113176897168159,0.0994906648993492,0.0060763888888888,0.9207497363164509,267.5138888888889,285.2916666666667,0.1663005297992741,0.2312748015873016,0.1863490725479656,0.1813363119270386,0.8108582764581506,68.0,1084.0
outputs/experiments/20260709_133848_943893_final_smollm2_chat_retrieval96_seed31_confirm_thr01_besttol_w384_HuggingFaceTB__SmolLM2-135M-Instruct,final_smollm2_chat_retrieval96_seed31_confirm_thr01_besttol_w384,HuggingFaceTB/SmolLM2-135M-Instruct,alternating,96,24,0.01,0.36,uckv_entropy_adaptive,calibration,48,1152,1.9039678349493256,7.261535334587098,12.490302085876465,0.3602430555555556,0.0639690342165966,16.40190972222222,285.2916666666667,0.1337089877722772,0.2312748015873016,0.1863490725479656,0.1813363119270386,0.8108582764581506,,
outputs/experiments/20260709_133848_943893_final_smollm2_chat_retrieval96_seed31_confirm_thr01_besttol_w384_HuggingFaceTB__SmolLM2-135M-Instruct,final_smollm2_chat_retrieval96_seed31_confirm_thr01_besttol_w384,HuggingFaceTB/SmolLM2-135M-Instruct,alternating,96,24,0.01,0.36,window_16,calibration,48,1152,7.014040973621882,20.519644737243656,29.416427612304688,0.8142361111111112,0.061712173380919,16.0,285.2916666666667,0.1395229526186388,0.2312748015873016,0.1863490725479656,0.1813363119270386,0.8108582764581506,,
outputs/experiments/20260709_133848_943893_final_smollm2_chat_retrieval96_seed31_confirm_thr01_besttol_w384_HuggingFaceTB__SmolLM2-135M-Instruct,final_smollm2_chat_retrieval96_seed31_confirm_thr01_besttol_w384,HuggingFaceTB/SmolLM2-135M-Instruct,alternating,96,24,0.01,0.36,full,evaluation,48,1152,0.0,0.0,0.0,0.0,1.0,286.0416666666667,286.0416666666667,0.1317826203348381,0.2218501984126984,0.1998660299098121,0.2054286119274271,0.8006671135469301,,
outputs/experiments/20260709_133848_943893_final_smollm2_chat_retrieval96_seed31_confirm_thr01_besttol_w384_HuggingFaceTB__SmolLM2-135M-Instruct,final_smollm2_chat_retrieval96_seed31_confirm_thr01_besttol_w384,HuggingFaceTB/SmolLM2-135M-Instruct,alternating,96,24,0.01,0.36,sink4_window_128,evaluation,48,1152,0.325334607329199,3.073304224014283,10.39629364013672,0.0911458333333333,0.5074712205533677,132.0,286.0416666666667,0.1388391578022189,0.2218501984126984,0.1998660299098121,0.2054286119274271,0.8006671135469301,,
outputs/experiments/20260709_133848_943893_final_smollm2_chat_retrieval96_seed31_confirm_thr01_besttol_w384_HuggingFaceTB__SmolLM2-135M-Instruct,final_smollm2_chat_retrieval96_seed31_confirm_thr01_besttol_w384,HuggingFaceTB/SmolLM2-135M-Instruct,alternating,96,24,0.01,0.36,sink4_window_192,evaluation,48,1152,0.1523106028207849,0.2327318213880067,9.690942764282228,0.0477430555555555,0.7212808521236928,190.47916666666663,286.0416666666667,0.1345571103126227,0.2218501984126984,0.1998660299098121,0.2054286119274271,0.8006671135469301,,
outputs/experiments/20260709_133848_943893_final_smollm2_chat_retrieval96_seed31_confirm_thr01_besttol_w384_HuggingFaceTB__SmolLM2-135M-Instruct,final_smollm2_chat_retrieval96_seed31_confirm_thr01_besttol_w384,HuggingFaceTB/SmolLM2-135M-Instruct,alternating,96,24,0.01,0.36,sink4_window_256,evaluation,48,1152,0.1150924616313079,0.064403498545289,7.78362512588501,0.0286458333333333,0.8649447480756324,235.97395833333331,286.0416666666667,0.1359718019766155,0.2218501984126984,0.1998660299098121,0.2054286119274271,0.8006671135469301,,
outputs/experiments/20260709_133848_943893_final_smollm2_chat_retrieval96_seed31_confirm_thr01_besttol_w384_HuggingFaceTB__SmolLM2-135M-Instruct,final_smollm2_chat_retrieval96_seed31_confirm_thr01_besttol_w384,HuggingFaceTB/SmolLM2-135M-Instruct,alternating,96,24,0.01,0.36,sink4_window_32,evaluation,48,1152,0.7139460273351608,4.320156431198122,10.77810287475586,0.1631944444444444,0.1384012419691002,36.0,286.0416666666667,0.1355781515131234,0.2218501984126984,0.1998660299098121,0.2054286119274271,0.8006671135469301,,
outputs/experiments/20260709_133848_943893_final_smollm2_chat_retrieval96_seed31_confirm_thr01_besttol_w384_HuggingFaceTB__SmolLM2-135M-Instruct,final_smollm2_chat_retrieval96_seed31_confirm_thr01_besttol_w384,HuggingFaceTB/SmolLM2-135M-Instruct,alternating,96,24,0.01,0.36,sink4_window_320,evaluation,48,1152,0.0666590157771916,0.0183388034813106,7.800596237182617,0.0130208333333333,0.9519623989068916,267.0677083333333,286.0416666666667,0.1336832935882436,0.2218501984126984,0.1998660299098121,0.2054286119274271,0.8006671135469301,,
outputs/experiments/20260709_133848_943893_final_smollm2_chat_retrieval96_seed31_confirm_thr01_besttol_w384_HuggingFaceTB__SmolLM2-135M-Instruct,final_smollm2_chat_retrieval96_seed31_confirm_thr01_besttol_w384,HuggingFaceTB/SmolLM2-135M-Instruct,alternating,96,24,0.01,0.36,sink4_window_384,evaluation,48,1152,0.0003230605867406,0.0001051069575623,0.0760058760643005,0.0,0.9940201185387354,283.6310763888889,286.0416666666667,0.1325382812462723,0.2218501984126984,0.1998660299098121,0.2054286119274271,0.8006671135469301,,
outputs/experiments/20260709_133848_943893_final_smollm2_chat_retrieval96_seed31_confirm_thr01_besttol_w384_HuggingFaceTB__SmolLM2-135M-Instruct,final_smollm2_chat_retrieval96_seed31_confirm_thr01_besttol_w384,HuggingFaceTB/SmolLM2-135M-Instruct,alternating,96,24,0.01,0.36,sink4_window_64,evaluation,48,1152,0.5092745277466693,3.697712576389314,10.766674041748049,0.125,0.261424568163856,68.0,286.0416666666667,0.1378291359217958,0.2218501984126984,0.1998660299098121,0.2054286119274271,0.8006671135469301,,
outputs/experiments/20260709_133848_943893_final_smollm2_chat_retrieval96_seed31_confirm_thr01_besttol_w384_HuggingFaceTB__SmolLM2-135M-Instruct,final_smollm2_chat_retrieval96_seed31_confirm_thr01_besttol_w384,HuggingFaceTB/SmolLM2-135M-Instruct,alternating,96,24,0.01,0.36,uckv_budget,evaluation,48,1152,0.0024304242066599,0.0125662446953356,0.2192704081535339,0.0112847222222222,0.9224768894968176,269.05381944444446,286.0416666666667,0.1644984016258301,0.2218501984126984,0.1998660299098121,0.2054286119274271,0.8006671135469301,89.0,1063.0
outputs/experiments/20260709_133848_943893_final_smollm2_chat_retrieval96_seed31_confirm_thr01_besttol_w384_HuggingFaceTB__SmolLM2-135M-Instruct,final_smollm2_chat_retrieval96_seed31_confirm_thr01_besttol_w384,HuggingFaceTB/SmolLM2-135M-Instruct,alternating,96,24,0.01,0.36,uckv_entropy_adaptive,evaluation,48,1152,1.905603701326116,7.467957806587226,16.207517623901367,0.3559027777777778,0.0642182364520697,16.6171875,286.0416666666667,0.1325657038133209,0.2218501984126984,0.1998660299098121,0.2054286119274271,0.8006671135469301,,
outputs/experiments/20260709_133848_943893_final_smollm2_chat_retrieval96_seed31_confirm_thr01_besttol_w384_HuggingFaceTB__SmolLM2-135M-Instruct,final_smollm2_chat_retrieval96_seed31_confirm_thr01_besttol_w384,HuggingFaceTB/SmolLM2-135M-Instruct,alternating,96,24,0.01,0.36,window_16,evaluation,48,1152,6.5650882767825145,19.05849599838257,28.61958122253418,0.7847222222222222,0.0615116630973778,16.0,286.0416666666667,0.1361542692770349,0.2218501984126984,0.1998660299098121,0.2054286119274271,0.8006671135469301,,
outputs/experiments/20260709_153604_895075_final_smollm2_chat_retrieval96_seed37_confirm_thr01_besttol_w384_HuggingFaceTB__SmolLM2-135M-Instruct,final_smollm2_chat_retrieval96_seed37_confirm_thr01_besttol_w384,HuggingFaceTB/SmolLM2-135M-Instruct,alternating,96,24,0.01,0.36,full,calibration,48,1152,0.0,0.0,0.0,0.0,1.0,285.7708333333333,285.7708333333333,0.1429398451979169,0.2255704365079365,0.1880515389229451,0.1863149221212305,0.8082324683276032,,
outputs/experiments/20260709_153604_895075_final_smollm2_chat_retrieval96_seed37_confirm_thr01_besttol_w384_HuggingFaceTB__SmolLM2-135M-Instruct,final_smollm2_chat_retrieval96_seed37_confirm_thr01_besttol_w384,HuggingFaceTB/SmolLM2-135M-Instruct,alternating,96,24,0.01,0.36,sink4_window_128,calibration,48,1152,0.3285909515172057,2.920245945453645,8.406072616577148,0.0746527777777777,0.5080202596129465,132.0,285.7708333333333,0.1440793896893208,0.2255704365079365,0.1880515389229451,0.1863149221212305,0.8082324683276032,,
outputs/experiments/20260709_153604_895075_final_smollm2_chat_retrieval96_seed37_confirm_thr01_besttol_w384_HuggingFaceTB__SmolLM2-135M-Instruct,final_smollm2_chat_retrieval96_seed37_confirm_thr01_besttol_w384,HuggingFaceTB/SmolLM2-135M-Instruct,alternating,96,24,0.01,0.36,sink4_window_192,calibration,48,1152,0.1564862966404109,0.1712243296205998,7.639060020446777,0.0347222222222222,0.7231450236424801,190.64583333333331,285.7708333333333,0.1417577986094329,0.2255704365079365,0.1880515389229451,0.1863149221212305,0.8082324683276032,,
outputs/experiments/20260709_153604_895075_final_smollm2_chat_retrieval96_seed37_confirm_thr01_besttol_w384_HuggingFaceTB__SmolLM2-135M-Instruct,final_smollm2_chat_retrieval96_seed37_confirm_thr01_besttol_w384,HuggingFaceTB/SmolLM2-135M-Instruct,alternating,96,24,0.01,0.36,sink4_window_256,calibration,48,1152,0.1216626697261823,0.0687251169234516,6.850052833557129,0.0260416666666666,0.8649789431503568,235.57291666666663,285.7708333333333,0.1390202854846494,0.2255704365079365,0.1880515389229451,0.1863149221212305,0.8082324683276032,,
outputs/experiments/20260709_153604_895075_final_smollm2_chat_retrieval96_seed37_confirm_thr01_besttol_w384_HuggingFaceTB__SmolLM2-135M-Instruct,final_smollm2_chat_retrieval96_seed37_confirm_thr01_besttol_w384,HuggingFaceTB/SmolLM2-135M-Instruct,alternating,96,24,0.01,0.36,sink4_window_32,calibration,48,1152,0.7260142745836649,4.128527116775514,7.719198703765869,0.1579861111111111,0.1385509798944399,36.0,285.7708333333333,0.1418278325048858,0.2255704365079365,0.1880515389229451,0.1863149221212305,0.8082324683276032,,
outputs/experiments/20260709_153604_895075_final_smollm2_chat_retrieval96_seed37_confirm_thr01_besttol_w384_HuggingFaceTB__SmolLM2-135M-Instruct,final_smollm2_chat_retrieval96_seed37_confirm_thr01_besttol_w384,HuggingFaceTB/SmolLM2-135M-Instruct,alternating,96,24,0.01,0.36,sink4_window_320,calibration,48,1152,0.0665278482387756,0.0201577052474022,6.611702919006348,0.0147569444444444,0.9515411030699716,266.5286458333333,285.7708333333333,0.138683535335834,0.2255704365079365,0.1880515389229451,0.1863149221212305,0.8082324683276032,,
outputs/experiments/20260709_153604_895075_final_smollm2_chat_retrieval96_seed37_confirm_thr01_besttol_w384_HuggingFaceTB__SmolLM2-135M-Instruct,final_smollm2_chat_retrieval96_seed37_confirm_thr01_besttol_w384,HuggingFaceTB/SmolLM2-135M-Instruct,alternating,96,24,0.01,0.36,sink4_window_384,calibration,48,1152,0.0006036368409251,0.0001951022175489,0.0924810618162155,0.0,0.9932141908553492,283.0295138888889,285.7708333333333,0.1380439556242992,0.2255704365079365,0.1880515389229451,0.1863149221212305,0.8082324683276032,,
outputs/experiments/20260709_153604_895075_final_smollm2_chat_retrieval96_seed37_confirm_thr01_besttol_w384_HuggingFaceTB__SmolLM2-135M-Instruct,final_smollm2_chat_retrieval96_seed37_confirm_thr01_besttol_w384,HuggingFaceTB/SmolLM2-135M-Instruct,alternating,96,24,0.01,0.36,sink4_window_64,calibration,48,1152,0.5056660877979706,3.495183432102206,9.025900840759276,0.1189236111111111,0.2617074064672754,68.0,285.7708333333333,0.1419391600851567,0.2255704365079365,0.1880515389229451,0.1863149221212305,0.8082324683276032,,
outputs/experiments/20260709_153604_895075_final_smollm2_chat_retrieval96_seed37_confirm_thr01_besttol_w384_HuggingFaceTB__SmolLM2-135M-Instruct,final_smollm2_chat_retrieval96_seed37_confirm_thr01_besttol_w384,HuggingFaceTB/SmolLM2-135M-Instruct,alternating,96,24,0.01,0.36,uckv_budget,calibration,48,1152,0.0024689932394313,0.0132387335877865,0.1250593662261963,0.0017361111111111,0.9022408420225708,264.01128472222223,285.7708333333333,0.1540679648802425,0.2255704365079365,0.1880515389229451,0.1863149221212305,0.8082324683276032,71.0,1081.0
outputs/experiments/20260709_153604_895075_final_smollm2_chat_retrieval96_seed37_confirm_thr01_besttol_w384_HuggingFaceTB__SmolLM2-135M-Instruct,final_smollm2_chat_retrieval96_seed37_confirm_thr01_besttol_w384,HuggingFaceTB/SmolLM2-135M-Instruct,alternating,96,24,0.01,0.36,uckv_entropy_adaptive,calibration,48,1152,1.8654143088617043,7.197398734092713,13.534844398498535,0.3602430555555556,0.0634460380622762,16.3046875,285.7708333333333,0.1408721754209081,0.2255704365079365,0.1880515389229451,0.1863149221212305,0.8082324683276032,,
outputs/experiments/20260709_153604_895075_final_smollm2_chat_retrieval96_seed37_confirm_thr01_besttol_w384_HuggingFaceTB__SmolLM2-135M-Instruct,final_smollm2_chat_retrieval96_seed37_confirm_thr01_besttol_w384,HuggingFaceTB/SmolLM2-135M-Instruct,alternating,96,24,0.01,0.36,window_16,calibration,48,1152,6.9178201043491,20.599691104888915,28.398963928222656,0.8168402777777778,0.0615782132864177,16.0,285.7708333333333,0.1464403229512451,0.2255704365079365,0.1880515389229451,0.1863149221212305,0.8082324683276032,,
outputs/experiments/20260709_153604_895075_final_smollm2_chat_retrieval96_seed37_confirm_thr01_besttol_w384_HuggingFaceTB__SmolLM2-135M-Instruct,final_smollm2_chat_retrieval96_seed37_confirm_thr01_besttol_w384,HuggingFaceTB/SmolLM2-135M-Instruct,alternating,96,24,0.01,0.36,full,evaluation,48,1152,0.0,0.0,0.0,0.0,1.0,286.1041666666667,286.1041666666667,0.141117770688753,0.2295386904761904,0.1925935458589569,0.1931350196938321,0.8109448453483195,,
outputs/experiments/20260709_153604_895075_final_smollm2_chat_retrieval96_seed37_confirm_thr01_besttol_w384_HuggingFaceTB__SmolLM2-135M-Instruct,final_smollm2_chat_retrieval96_seed37_confirm_thr01_besttol_w384,HuggingFaceTB/SmolLM2-135M-Instruct,alternating,96,24,0.01,0.36,sink4_window_128,evaluation,48,1152,0.3423686857528928,3.004307484626771,10.822336196899414,0.0972222222222222,0.5075081676912757,132.0,286.1041666666667,0.1437979116797376,0.2295386904761904,0.1925935458589569,0.1931350196938321,0.8109448453483195,,
outputs/experiments/20260709_153604_895075_final_smollm2_chat_retrieval96_seed37_confirm_thr01_besttol_w384_HuggingFaceTB__SmolLM2-135M-Instruct,final_smollm2_chat_retrieval96_seed37_confirm_thr01_besttol_w384,HuggingFaceTB/SmolLM2-135M-Instruct,alternating,96,24,0.01,0.36,sink4_window_192,evaluation,48,1152,0.1409102028225231,0.1887616947293289,8.011609077453613,0.0407986111111111,0.7222633205951541,190.625,286.1041666666667,0.1484440372168541,0.2295386904761904,0.1925935458589569,0.1931350196938321,0.8109448453483195,,
outputs/experiments/20260709_153604_895075_final_smollm2_chat_retrieval96_seed37_confirm_thr01_besttol_w384_HuggingFaceTB__SmolLM2-135M-Instruct,final_smollm2_chat_retrieval96_seed37_confirm_thr01_besttol_w384,HuggingFaceTB/SmolLM2-135M-Instruct,alternating,96,24,0.01,0.36,sink4_window_256,evaluation,48,1152,0.1344044910476315,0.0853669386357069,8.329038619995117,0.03125,0.8640225252014623,235.59722222222223,286.1041666666667,0.1435346262308788,0.2295386904761904,0.1925935458589569,0.1931350196938321,0.8109448453483195,,
outputs/experiments/20260709_153604_895075_final_smollm2_chat_retrieval96_seed37_confirm_thr01_besttol_w384_HuggingFaceTB__SmolLM2-135M-Instruct,final_smollm2_chat_retrieval96_seed37_confirm_thr01_besttol_w384,HuggingFaceTB/SmolLM2-135M-Instruct,alternating,96,24,0.01,0.36,sink4_window_32,evaluation,48,1152,0.7407521961831354,4.418382787704469,10.432223320007324,0.171875,0.138411318461257,36.0,286.1041666666667,0.1404562409980927,0.2295386904761904,0.1925935458589569,0.1931350196938321,0.8109448453483195,,
outputs/experiments/20260709_153604_895075_final_smollm2_chat_retrieval96_seed37_confirm_thr01_besttol_w384_HuggingFaceTB__SmolLM2-135M-Instruct,final_smollm2_chat_retrieval96_seed37_confirm_thr01_besttol_w384,HuggingFaceTB/SmolLM2-135M-Instruct,alternating,96,24,0.01,0.36,sink4_window_320,evaluation,48,1152,0.0664084740971742,0.0171229943633079,8.016474723815918,0.0130208333333333,0.9512313019453632,266.82899305555554,286.1041666666667,0.1412957217162329,0.2295386904761904,0.1925935458589569,0.1931350196938321,0.8109448453483195,,
outputs/experiments/20260709_153604_895075_final_smollm2_chat_retrieval96_seed37_confirm_thr01_besttol_w384_HuggingFaceTB__SmolLM2-135M-Instruct,final_smollm2_chat_retrieval96_seed37_confirm_thr01_besttol_w384,HuggingFaceTB/SmolLM2-135M-Instruct,alternating,96,24,0.01,0.36,sink4_window_384,evaluation,48,1152,0.0006128308618319,0.0001216542812471,0.1321985423564911,0.0,0.9937181067193274,283.56944444444446,286.1041666666667,0.1361265250277736,0.2295386904761904,0.1925935458589569,0.1931350196938321,0.8109448453483195,,
outputs/experiments/20260709_153604_895075_final_smollm2_chat_retrieval96_seed37_confirm_thr01_besttol_w384_HuggingFaceTB__SmolLM2-135M-Instruct,final_smollm2_chat_retrieval96_seed37_confirm_thr01_besttol_w384,HuggingFaceTB/SmolLM2-135M-Instruct,alternating,96,24,0.01,0.36,sink4_window_64,evaluation,48,1152,0.5294156074684866,3.667529833316803,10.775345802307127,0.1276041666666666,0.2614436015379299,68.0,286.1041666666667,0.1419718543853984,0.2295386904761904,0.1925935458589569,0.1931350196938321,0.8109448453483195,,
outputs/experiments/20260709_153604_895075_final_smollm2_chat_retrieval96_seed37_confirm_thr01_besttol_w384_HuggingFaceTB__SmolLM2-135M-Instruct,final_smollm2_chat_retrieval96_seed37_confirm_thr01_besttol_w384,HuggingFaceTB/SmolLM2-135M-Instruct,alternating,96,24,0.01,0.36,uckv_budget,evaluation,48,1152,0.0036286517730849,0.015907597541809,0.451121985912323,0.0095486111111111,0.8982404454859881,263.1701388888889,286.1041666666667,0.1522265251786747,0.2295386904761904,0.1925935458589569,0.1931350196938321,0.8109448453483195,82.0,1070.0
outputs/experiments/20260709_153604_895075_final_smollm2_chat_retrieval96_seed37_confirm_thr01_besttol_w384_HuggingFaceTB__SmolLM2-135M-Instruct,final_smollm2_chat_retrieval96_seed37_confirm_thr01_besttol_w384,HuggingFaceTB/SmolLM2-135M-Instruct,alternating,96,24,0.01,0.36,uckv_entropy_adaptive,evaluation,48,1152,1.9460493044709948,7.925713157653809,16.224260330200195,0.3619791666666667,0.0654016131939751,16.9296875,286.1041666666667,0.1380529276936815,0.2295386904761904,0.1925935458589569,0.1931350196938321,0.8109448453483195,,
outputs/experiments/20260709_153604_895075_final_smollm2_chat_retrieval96_seed37_confirm_thr01_besttol_w384_HuggingFaceTB__SmolLM2-135M-Instruct,final_smollm2_chat_retrieval96_seed37_confirm_thr01_besttol_w384,HuggingFaceTB/SmolLM2-135M-Instruct,alternating,96,24,0.01,0.36,window_16,evaluation,48,1152,6.48648262691836,18.69290180206299,28.749935150146484,0.7942708333333334,0.0615161415383364,16.0,286.1041666666667,0.1438468976806083,0.2295386904761904,0.1925935458589569,0.1931350196938321,0.8109448453483195,,
